Title	Director	Release Year	Alias	Url	
6x9: An Immersive Experience Of Solitary Confinement 	Francesca Panetta, Lindsay Poulton	2016		https://tribecafilm.com/filmguide/6x9-an-immersive-experience-of-solitary-confinement-2016	
Abortion: Stories Women Tell 	Tracy Droz Tragos	2016		https://tribecafilm.com/filmguide/abortion-stories-women-tell-2016	
Ac Green: Iron Virgin 	Isaac Feder	2016		https://tribecafilm.com/filmguide/ac-green-iron-virgin-2016	
Actor Martinez 	Nathan Silver, Mike Ott	2016		https://tribecafilm.com/filmguide/actor-martinez-2016	
Adult Life Skills 	Rachel Tunnard	2016		https://tribecafilm.com/filmguide/adult-life-skills-2016	
After Spring 	Ellen Martinez, Steph Ching	2016		https://tribecafilm.com/filmguide/after-spring-2016	
All This Panic 	Jenny Gage	2016		https://tribecafilm.com/filmguide/all-this-panic-2016	
All We Had 	Katie Holmes	2016		https://tribecafilm.com/filmguide/all-we-had-2016	
Allumette 	Eugene Chung	2016		https://tribecafilm.com/filmguide/allumette-2016	
Almost Paris 	Domenica Cameron-Scorsese	2016		https://tribecafilm.com/filmguide/almost-paris-2016	
Always Shine 	Sophia Takal	2016		https://tribecafilm.com/filmguide/always-shine-2016	
The Argus Project 	Gan Golan	2016		https://tribecafilm.com/filmguide/argus-project-2016	
The Ark 	Kel O'Neill, Eline Jongsma	2016		https://tribecafilm.com/filmguide/ark-2016	
The Artists Of Skid Row 	Tyson Sadler	2016		https://tribecafilm.com/filmguide/artists-of-skid-row-2016	
As I Open My Eyes 	Leyla Bouzid	2015		https://tribecafilm.com/filmguide/as-i-open-my-eyes-2016	
Ashes 	Jessica Kantor	2016		https://tribecafilm.com/filmguide/ashes-2016	
Auschwitz 	James Moll	2016		https://tribecafilm.com/filmguide/auschwitz-2016	
Awol 	Deb Shoval	2016		https://tribecafilm.com/filmguide/awol-2016	
Bad Rap 	Salima Koroma	2016		https://tribecafilm.com/filmguide/bad-rap-2016	
Balcony 	Toby Fell-Holden	2015		https://tribecafilm.com/filmguide/balcony-2016	
The Banksy Job 	Ian Roderick Gray, Dylan Harvey	2016		https://tribecafilm.com/filmguide/banksy-job-2016	
Becoming: Bradley Theodore 	Matt Pizzano	2016		https://tribecafilm.com/filmguide/becoming-bradley-theodore-2016	
The Best Last Best Plane Ride Ever 	James Blagden	2016		https://tribecafilm.com/filmguide/best-last-best-plane-ride-ever-2016	
Betting On Zero 	Ted Braun	2016		https://tribecafilm.com/filmguide/betting-on-zero-2016	
Between Us 	Rafael Palacio Illingworth	2016		https://tribecafilm.com/filmguide/between-us-2016	
The Board 	David Shane	2016		https://tribecafilm.com/filmguide/board-2016	
The Bomb 		2016		https://tribecafilm.com/filmguide/bomb-2016	
The Boxer 	Angel Manuel Soto	2016		https://tribecafilm.com/filmguide/boxer-2016	
Bugs 	Andreas Johnsen	2016		https://tribecafilm.com/filmguide/bugs-2016	
Burden 	Timothy Marrinan, Richard Dewey	2016		https://tribecafilm.com/filmguide/burden-2016	
By Sidney Lumet 	Nancy Buirski	2016		https://tribecafilm.com/filmguide/by-sidney-lumet-2016	
Califórnia 	Marina Person	2015		https://tribecafilm.com/filmguide/califrnia-2016	
The Carousel 	Jonathan Napolitano	2016		https://tribecafilm.com/filmguide/carousel-2016	
Catch A Monster 	Michael Y. Lei	2016		https://tribecafilm.com/filmguide/catch-a-monster-2016	
The Charro Of Toluquilla 	Jose Villalobos Romero	2016		https://tribecafilm.com/filmguide/charro-of-toluquilla-2016	
The Chauffeur 	Brian Burton	2016		https://tribecafilm.com/filmguide/chauffeur-2016	
Check It 	Dana Flor, Toby Oppenheimer	2016		https://tribecafilm.com/filmguide/check-it-2016	
Cherokee 	Jem Rankin	2015		https://tribecafilm.com/filmguide/cherokee-2016	
Children Of The Mountain 	Priscilla Anany	2016		https://tribecafilm.com/filmguide/children-of-the-mountain-2016	
Click Effect 	Sandy Smolan, James Nestor	2016		https://tribecafilm.com/filmguide/click-effect-2016	
Collisions 	Lynette Wallworth	2016		https://tribecafilm.com/filmguide/collisions-2016	
Command And Control 	Robert Kenner	2016		https://tribecafilm.com/filmguide/command-and-control-2016	
Contemporary Color 	Bill Ross, Turner Ross	2016		https://tribecafilm.com/filmguide/contemporary-color-2016	
Courted 	Christian Vincent	2015		https://tribecafilm.com/filmguide/courted-2016	
Curmudgeons 	Danny DeVito	2016		https://tribecafilm.com/filmguide/curmudgeons-2016	
Curve 	Tim Egan	2016		https://tribecafilm.com/filmguide/curve-2016	
Custody 	James Lapine	2016		https://tribecafilm.com/filmguide/custody-2016	
Dead Ringer 	Alex Kliment, Michael Tucker, Dana O'Keefe	2016		https://tribecafilm.com/filmguide/dead-ringer-2016	
Dean 	Demetri Martin	2016		https://tribecafilm.com/filmguide/dean-2016	
Deep Vr 	Monobanda PLAY, Owen Harris	2015		https://tribecafilm.com/filmguide/deep-vr-2016	
Detour 	Christopher Smith	2016		https://tribecafilm.com/filmguide/detour-2016	
The Devil And The Deep Blue Sea 	Bill Purple	2016		https://tribecafilm.com/filmguide/devil-and-the-deep-blue-sea-2016	
Do Not Resist 	Craig Atkinson	2016		https://tribecafilm.com/filmguide/do-not-resist-2016	
Don't Look Down 	Daniel Gordon	2016		https://tribecafilm.com/filmguide/dont-look-down-2016	
Don't Think Twice 	Mike Birbiglia	2016		https://tribecafilm.com/filmguide/dont-think-twice-2016	
Dragonflight 	Michael Conelly	2016		https://tribecafilm.com/filmguide/dragonflight-2016	
Dreamland 	Robert Schwartzman	2016		https://tribecafilm.com/filmguide/dreamland-2016	
The Duke: Based On The Memoir 'i'm The Duke' By Jp Duke 	Max Barbakow	2015		https://tribecafilm.com/filmguide/duke-based-on-the-memoir-im-the-duke-by-jp-duke-2016	
Team Foxcatcher 	Jon Greenhalgh	2016		https://tribecafilm.com/filmguide/eagles-soar-high-2016	
El Clásico 	Halkawt Mustafa	2015		https://tribecafilm.com/filmguide/el-clsico-2016	
Electra Woman & Dyna Girl 	Chris Marrs Piliero	2016		https://tribecafilm.com/filmguide/electra-woman-dyna-girl-2016	
Elvis & Nixon 	Liza Johnson	2016		https://tribecafilm.com/filmguide/elvis-nixon-2016	
Enlighten Us: The Rise And Fall Of James Arthur Ray 	Jenny Carchman	2016		https://tribecafilm.com/filmguide/enlighten-us-the-rise-and-fall-of-james-arthur-ray-2016	
Equals 	Drake Doremus	2015		https://tribecafilm.com/filmguide/equals-2016	
Equity 	Meera Menon	2016		https://tribecafilm.com/filmguide/equity-2016	
Everybody Knows...Elizabeth Murray 	Kristi Zea	2016		https://tribecafilm.com/filmguide/everybody-knowselizabeth-murray-2016	
Extremis 	Dan Krauss	2016		https://tribecafilm.com/filmguide/extremis-2016	
The Family Fang 	Jason Bateman	2015		https://tribecafilm.com/filmguide/family-fang-2016	
Father's Day 	Kiki Lambden Stout	2016		https://tribecafilm.com/filmguide/fathers-day-2016	
Fear 	Dawn Dreyer, Andrea Love	2016		https://tribecafilm.com/filmguide/fear-2016	
Fear, Inc. 	Vincent Masciale	2016		https://tribecafilm.com/filmguide/fear-inc-2016	
First Monday In May 	Andrew Rossi	2016		https://tribecafilm.com/filmguide/first-monday-in-may-2016	
The Fixer 	Ian Olds	2016		https://tribecafilm.com/filmguide/fixer-2016	
Folk Hero & Funny Guy 	Jeff Grace	2016		https://tribecafilm.com/filmguide/folk-hero-funny-guy-2016	
For Your Own Safety 	Florian Heinzen-Ziob	2016		https://tribecafilm.com/filmguide/for-your-own-safety-2016	
14 Minutes From Earth 	Jerry Kolber, Adam 'Tex' Davis, Trey Nelson, Erich Sturm	2016		https://tribecafilm.com/filmguide/fourteen-minutes-from-earth-2016	
Future Boyfriend 	Ben Rock	2016		https://tribecafilm.com/filmguide/future-boyfriend-2016	
Game Night 	Joel Fendelman	2016		https://tribecafilm.com/filmguide/game-night-2016	
Geezer 	Lee Kirk	2016		https://tribecafilm.com/filmguide/geezer-2016	
Ghostheads 	Brendan Mertens	2016		https://tribecafilm.com/filmguide/ghostheads-2016	
Gift Of Gab 	Michael Jacobs	2016		https://tribecafilm.com/filmguide/gift-of-gab-2016	
Girl Band 	Kerry Furrh, Cailin Lowry, Olivia Mitchell	2016		https://tribecafilm.com/filmguide/girl-band-2016	
Gonzo @ The Derby 	Michael D. Ratner	2016		https://tribecafilm.com/filmguide/gonzo-the-derby-2016	
Grateful Dead: Truckin' 	Jaunt VR	2016		https://tribecafilm.com/filmguide/grateful-dead-truckin-2016	
The Happy Film 	Stefan Sagmeister, Ben Nabors, Hillman Curtis	2016		https://tribecafilm.com/filmguide/happy-film-a-graphic-design-experiment-2016	
Hard Lovin' Woman 	Michael Rapaport	2015		https://tribecafilm.com/filmguide/hard-lovin-woman-2016	
Hard World For Small Things 	Janicza Bravo	2016		https://tribecafilm.com/filmguide/hard-world-for-small-things-2016	
Haveababy 	Amanda Micheli	2016		https://tribecafilm.com/filmguide/haveababy-2016	
Here Alone 	Rod Blackhurst	2016		https://tribecafilm.com/filmguide/here-alone-2016	
High-rise 	Ben Wheatley	2015		https://tribecafilm.com/filmguide/highrise-2016	
Hold On 	Charlotte Scott-Wilson	2016		https://tribecafilm.com/filmguide/hold-on-2016	
Holidays 	Kevin Kolsch, Dennis Widmyer, Nicholas McCarthy, Gary Shore, Sarah Adina Smith, Anthony Scott Burns, Kevin Smith, Scott Stewart, Adam Egypt Mortimer	2016		https://tribecafilm.com/filmguide/holidays-2016	
Holidays: Christmas Vr 	John Hegeman	2016		https://tribecafilm.com/filmguide/holidays-christmas-vr-2016	
A Hologram For The King 	Tom Tykwer	2016		https://tribecafilm.com/filmguide/hologram-for-the-king-2016	
Homeland 	Sara Broos	2015		https://tribecafilm.com/filmguide/homeland-2016	
Houston, We Have A Problem! 	Žiga Virc	2016		https://tribecafilm.com/filmguide/houston-we-have-a-problem-2016	
The Human Thing 	Gerardo Chijona	2016		https://tribecafilm.com/filmguide/human-thing-2016	
Hunt For The Wilderpeople 	Taika Waititi	2016		https://tribecafilm.com/filmguide/hunt-for-the-wilderpeople-2016	
I Am A Pencil 	Joe D'Arcy	2015		https://tribecafilm.com/filmguide/i-am-a-pencil-2016	
I Voted? 	Jason Grant Smith	2016		https://tribecafilm.com/filmguide/i-voted-2016	
I Was A Winner 	Jonas Odell	2016		https://tribecafilm.com/filmguide/i-was-a-winner-2016	
Icaros: A Vision 	Leonor Caraballo, Matteo Norzi	2016		https://tribecafilm.com/filmguide/icaros-a-vision-2016	
I'll Sleep When I'm Dead 	Justin Krook	2016		https://tribecafilm.com/filmguide/ill-sleep-when-im-dead-2016	
Intersection Of I 	Whitney Dow	2016		https://tribecafilm.com/filmguide/intersection-of-i-2016	
Invasion! 	Eric Darnell	2016		https://tribecafilm.com/filmguide/invasion-2016	
Jahar 	Henry Hayes	2016		https://tribecafilm.com/filmguide/jahar-2016	
Jeremiah Tower: The Last Magnificent 	Lydia Tenaglia	2016		https://tribecafilm.com/filmguide/jeremiah-tower-the-last-magnificent-2016	
Joe's Violin 	Kahane Cooperman	2016		https://tribecafilm.com/filmguide/joes-violin-2016	
Junction 48 	Udi Aloni	2016		https://tribecafilm.com/filmguide/junction-48-2016	
Kanju 	Stephanie Riggs	2016		https://tribecafilm.com/filmguide/kanju-2016	
Keep Quiet 	Joseph Martin, Sam Blair	2016		https://tribecafilm.com/filmguide/keep-quiet-2016	
Keepers Of The Game 	Judd Ehrlich	2016		https://tribecafilm.com/filmguide/keepers-of-the-game-2016	
Kicks 	Justin Tipping	2016		https://tribecafilm.com/filmguide/kicks-2016	
Killer Deal 	Aaron Rothman, Irad Eyal, Anthony Ferrante	2016		https://tribecafilm.com/filmguide/killer-deal-2016	
A Kind Of Murder 	Andy Goddard	2016		https://tribecafilm.com/filmguide/kind-of-murder-2016	
King Cobra 	Justin Kelly	2016		https://tribecafilm.com/filmguide/king-cobra-2016	
The Last Journey Of The Enigmatic Paul Wr 	Romain Quirot	2016		https://tribecafilm.com/filmguide/last-journey-of-the-enigmatic-paul-wr-2016	
The Last Laugh 	Ferne Pearlstein	2016		https://tribecafilm.com/filmguide/last-laugh-2016	
Lavender 	Ed Gass-Donnelly	2016		https://tribecafilm.com/filmguide/lavender-2016	
Let's Dance: Bowie Down Under 	Rubika Shah	2015		https://tribecafilm.com/filmguide/lets-dance-bowie-down-under-2016	
Life, Animated 	Roger Ross Williams	2016		https://tribecafilm.com/filmguide/life-animated-2016	
Little Boxes 	Rob Meyer	2016		https://tribecafilm.com/filmguide/little-boxes-2016	
Live Cargo 	Logan Sandler	2016		https://tribecafilm.com/filmguide/live-cargo-2016	
The Loneliest Stoplight 	Bill Plympton	2015		https://tribecafilm.com/filmguide/loneliest-stoplight-2016	
The Loner 	Daniel Grove	2016		https://tribecafilm.com/filmguide/loner-2016	
Lovetrue 	Alma Har'el	2016		https://tribecafilm.com/filmguide/lovetrue-2016	
Lucens 	Marcel Barelli	2015		https://tribecafilm.com/filmguide/lucens-2016	
Madam Black 	Ivan Barge	2015		https://tribecafilm.com/filmguide/madam-black-2016	
Madly 	Gael García Bernal, Mia Wasikowska, Sebastian Silva, Anurag Kashyap, Sion Sono, Natasha Khan	2016		https://tribecafilm.com/filmguide/madly-2016	
Magnus 	Benjamin Ree	2016		https://tribecafilm.com/filmguide/magnus-2016	
The Man Who Knew Infinity 	Matthew Brown	2015		https://tribecafilm.com/filmguide/man-who-knew-infinity-2016	
Maurizio Cattelan: Be Right Back 	Maura Axelrod	2016		https://tribecafilm.com/filmguide/maurizio-cattelan-be-right-back-2016	
The Meddler 	Lorene Scafaria	2016		https://tribecafilm.com/filmguide/meddler-2016	
Memories Of A Penitent Heart 	Cecilia Aldarondo	2016		https://tribecafilm.com/filmguide/memories-of-a-penitent-heart-2016	
Midsummer In Newtown 	Lloyd Kramer	2016		https://tribecafilm.com/filmguide/midsummer-in-newtown-2016	
Mildred And The Dying Parlor 	Alex Gayner	2016		https://tribecafilm.com/filmguide/mildred-and-the-dying-parlor-2016	
A More Perfect Union 	Eric Drath	2016		https://tribecafilm.com/filmguide/more-perfect-union-2016	
Mother 	Kadri Kõusaar	2016		https://tribecafilm.com/filmguide/mother-2016	
Mr. Church 	Bruce Beresford	2016		https://tribecafilm.com/filmguide/mr-church-2016	
Mulberry 	Paul Stone	2015		https://tribecafilm.com/filmguide/mulberry-2016	
The Mulberry Bush 	Neil LaBute	2016		https://tribecafilm.com/filmguide/mulberry-bush-2016	
My Blind Brother 	Sophie Goodhart	2016		https://tribecafilm.com/filmguide/my-blind-brother-2016	
My Mother's Wing 	Gabo Arora, Ari Palitz	2016		https://tribecafilm.com/filmguide/my-mothers-wing-2016	
My Scientology Movie 	John Dower	2015		https://tribecafilm.com/filmguide/my-scientology-movie-2016	
National Bird 	Sonia Kennebeck	2016		https://tribecafilm.com/filmguide/national-bird-2016	
Nerdland 	Chris Prynoski	2016		https://tribecafilm.com/filmguide/nerdland-2016	
Network Effect 	Greg Hochmuth, Jonathan Harris	2016		https://tribecafilm.com/filmguide/network-effect-2016	
Never Happened 	Mark Slutsky	2015		https://tribecafilm.com/filmguide/never-happened-2016	
Night School 	Andrew Cohn	2016		https://tribecafilm.com/filmguide/night-school-2016	
Nkosi Coiffure 	Frederike Migom	2015		https://tribecafilm.com/filmguide/nkosi-coiffure-2016	
Northbound 	Jørn Nyseth Ranum	2015		https://tribecafilm.com/filmguide/northbound-2016	
Notes On Blindness: Into Darkness 	Amaury La burthe, Peter Middleton, James Spinney	2016		https://tribecafilm.com/filmguide/notes-on-blindness-into-darkness-2016	
Obit 	Vanessa Gould	2016		https://tribecafilm.com/filmguide/obit-2016	
Ocean Stories: Wyland 	Patrick Creadon, Greg Goggin	2016		https://tribecafilm.com/filmguide/ocean-stories-wyland-2016	
Old Friend 	Tyler Hurd	2016		https://tribecafilm.com/filmguide/old-friend-2016	
One Good Pitch 	Parker Hill	2016		https://tribecafilm.com/filmguide/one-good-pitch-2016	
Operator 	Ben Hakim	2015		https://tribecafilm.com/filmguide/operator-2016	
The Orchestra 	Mikey Hill	2015		https://tribecafilm.com/filmguide/orchestra-2016	
Parents 	Christian Tafdrup	2016		https://tribecafilm.com/filmguide/parents-2016	
Party Girl 	Evan Beamer	2015		https://tribecafilm.com/filmguide/party-girl-2016	
Pearl 	Patrick Osborne	2016		https://tribecafilm.com/filmguide/pearl-2016	
Pelé: Birth Of A Legend 	Jeff Zimbalist, Michael Zimbalist	2016		https://tribecafilm.com/filmguide/pel-birth-of-a-legend-2016	
Perfect Strangers 	Paolo Genovese	2016		https://tribecafilm.com/filmguide/perfect-strangers-2016	
Perspective 2: The Misdemeanor 	Rose Troche, Morris May	2016		https://tribecafilm.com/filmguide/perspective-2-the-misdemeanor-2016	
The Phenom 	Noah Buschel	2016		https://tribecafilm.com/filmguide/phenom-2016	
Ping Pong Coach 	Yi Liu	2016		https://tribecafilm.com/filmguide/ping-pong-coach-2016	
Pistol Shrimps 	Brent Hodge	2016		https://tribecafilm.com/filmguide/pistol-shrimps-2016	
Poor Boy 	Robert Scott Wildes	2016		https://tribecafilm.com/filmguide/poor-boy-2016	
Porzingod 	Conor Byrne	2016		https://tribecafilm.com/filmguide/porzingod-2016	
Prison Dogs 	Perri Peltz, Geeta Gandbhir	2016		https://tribecafilm.com/filmguide/prison-dogs-2016	
Pronouns 	Michael Paulucci	2016		https://tribecafilm.com/filmguide/pronouns-2016	
Reality + 	Coralie Fargeat	2015		https://tribecafilm.com/filmguide/reality-2016	
Rebirth 	Karl Mueller	2016		https://tribecafilm.com/filmguide/rebirth-2016	
Relationship Status 	Elizabeth Allen Rosenbaum	2016		https://tribecafilm.com/filmguide/relationship-status-2016	
Reset 	Thierry Demaizière, Alban Teurlai	2016		https://tribecafilm.com/filmguide/reset-2016	
The Return 	Kelly Duane de la Vega, Katie Galloway	2016		https://tribecafilm.com/filmguide/return-2016	
The Ride 	Stéphanie Gillard	2016		https://tribecafilm.com/filmguide/ride-2016	
Robert Klein Still Can't Stop His Leg 	Marshall Fine	2016		https://tribecafilm.com/filmguide/robert-klein-cant-stop-shaking-his-leg-2016	
The Scarecrow 	Phillip Rhys	2015		https://tribecafilm.com/filmguide/scarecrow-2016	
Seances 	Guy Maddin, Evan Johnson, Galen Johnson	2016		https://tribecafilm.com/filmguide/seances-2016	
Seeking Pluto's Frigid Heart 	The New York Times	2016		https://tribecafilm.com/filmguide/seeking-plutos-frigid-heart-2016	
Semele 	Myrsini Aristidou	2015		https://tribecafilm.com/filmguide/semele-2016	
Shadow World 	Johan Grimonprez	2016		https://tribecafilm.com/filmguide/shadow-world-2016	
Shiny 	Daniel Cloud Campos, Spencer Susser	2016		https://tribecafilm.com/filmguide/shiny-2016	
Shok 	Jamie Donoughue	2015		https://tribecafilm.com/filmguide/shok-2016	
Shooting An Elephant 	Juan Pablo Rothie	2015		https://tribecafilm.com/filmguide/shooting-an-elephant-2016	
The Short Story Of A Fox And A Mouse 	Hugo Jean, Juliette Jourdan, Kévin Roger, Marie Pillie, Camille Chaix	2015		https://tribecafilm.com/filmguide/short-story-of-a-fox-and-a-mouse-2016	
Shot! The Psycho-spiritual Mantra Of Rock 	Barnaby Clay	2016		https://tribecafilm.com/filmguide/shot-the-psycho-spiritual-mantra-of-rock-2016	
The Show Of Shows: 100 Years Of Vaudeville, Circuses And Carnivals 	Benedikt Erlingsson	2015		https://tribecafilm.com/filmguide/show-of-shows-100-years-of-vaudeville-circuses-and-carnivals-2016	
Sing It! 	Tyler Spindell	2016		https://tribecafilm.com/filmguide/sing-it-2016	
Skateboarding's First Wave 	Don Burgess	2015		https://tribecafilm.com/filmguide/skateboardings-first-wave-2016	
Solitary 	Kristi Jacobson	2016		https://tribecafilm.com/filmguide/solitary-2016	
Southwest Of Salem: The Story Of The San Antonio Four 	Deborah S. Esquenazi	2016		https://tribecafilm.com/filmguide/southwest-of-salem-the-story-of-the-san-antonio-four-2016	
Special Correspondents 	Ricky Gervais	2016		https://tribecafilm.com/filmguide/special-correspondents-2016	
Starring Austin Pendleton 	Gene Gallerano, David H. Holmes	2016		https://tribecafilm.com/filmguide/starring-austin-pendleton-2016	
Strike A Pose 	Ester Gould, Reijer Zwaan	2016		https://tribecafilm.com/filmguide/strike-a-pose-2016	
A Subway Story 	Eugene Kolb	2016		https://tribecafilm.com/filmguide/subway-story-2016	
Super Sex 	Matthew Modine	2016		https://tribecafilm.com/filmguide/super-sex-2016	
Taxi Driver 	Martin Scorcese	1976		https://tribecafilm.com/filmguide/taxi-driver-2016	
Taylor And Ultra On The 60s, The Factory And Being A Warhol Superstar 	Brian Bayerl	2016		https://tribecafilm.com/filmguide/taylor-and-ultra-on-the-60s-the-factory-and-being-a-warhol-superstar-2016	
A Teachable Moment 	Jason Jeffrey	2016		https://tribecafilm.com/filmguide/teachable-moment-2016	http://www.imdb.com/title/tt5493242/
The Tenth Man 	Daniel Burman	2016		https://tribecafilm.com/filmguide/tenth-man-2016	
That Dog 	Nick Thorburn	2015		https://tribecafilm.com/filmguide/that-dog-2016	http://www.imdb.com/title/tt4817332/
30 For 30: This Magic Moment 	Gentry Kirby, Erin Leyden	2016		https://tribecafilm.com/filmguide/this-magic-moment-2016	
The Ticket 	Ido Fluk	2016		https://tribecafilm.com/filmguide/ticket-2016	http://www.imdb.com/title/tt3893280/
Tickling Giants 	Sara Taksler	2016		https://tribecafilm.com/filmguide/tickling-giants-2016	http://www.imdb.com/title/tt5494396/
Tiger Raid 	Simon Dixon	2016		https://tribecafilm.com/filmguide/tiger-raid-2016	http://www.imdb.com/title/tt4447518/
The Tunnel 	André Øvredal	2016		https://tribecafilm.com/filmguide/tunnel-2016	
The Turning Forest 	Oscar Raby	2016		https://tribecafilm.com/filmguide/turning-forest-2016	
2 Fists Up 	Spike Lee	2016		https://tribecafilm.com/filmguide/two-fists-up-2016	
Untitled Bill Nye Documentary 	David Alvarado, Jason Sussberg			https://tribecafilm.com/filmguide/untitled-bill-nye-documentary-2016	
Untouchable 	David Feige	2016		https://tribecafilm.com/filmguide/untouchable-2016	http://www.imdb.com/title/tt5509634/
Vice World Of Sports 	Evan Rosenfeld	2016		https://tribecafilm.com/filmguide/vice-world-of-sports-2016	
Vincent N Roxxy 	Gary Michael Schultz	2016		https://tribecafilm.com/filmguide/vincent-n-roxxy-2016	http://www.imdb.com/title/tt3704298/
Violet 	Maurice Joyce	2015		https://tribecafilm.com/filmguide/violet-2016	http://www.imdb.com/title/tt4858184/
Vlogumentary 	Matthew Testa	2016		https://tribecafilm.com/filmguide/vlogumentary-2016	http://www.imdb.com/title/tt2667714/
Wannabe 	Matthew Manson	2016		https://tribecafilm.com/filmguide/wannabe-2016	http://www.imdb.com/title/tt5357744/
We All We Got 	Carlos Javier Ortiz	2015		https://tribecafilm.com/filmguide/we-all-we-got-2016	
We Are 	Joshua Shelov, Jay Bulger	2016		https://tribecafilm.com/filmguide/we-are-2016	
Win! 	Justin Webster	2016		https://tribecafilm.com/filmguide/win-2016	
Winds Of Furnace 	Yamil Quintana	2016		https://tribecafilm.com/filmguide/winds-of-furnace-2016	
Wolves 	Bart Freundlich	2016		https://tribecafilm.com/filmguide/wolves-2016	http://www.imdb.com/title/tt4623856/
Women Who Kill 	Ingrid Jungermann	2016		https://tribecafilm.com/filmguide/women-who-kill-2016	http://www.imdb.com/title/tt3973012/
You Can Go 	Christine Turner	2016		https://tribecafilm.com/filmguide/you-can-go-2016	http://www.imdb.com/title/tt5039722/
Youth In Oregon 	Joel David Moore	2016		https://tribecafilm.com/filmguide/youth-in-oregon-2016	http://www.imdb.com/title/tt3687316/
